discount_band,total_orders,avg_profit,total_profit,avg_sales,total_sales,loss_orders,loss_rate_pct,revenue_at_risk
0-10%,33656,62.56,2105501.89938,265.67,8941396.0,901,2.7,362295.0
10-30%,7236,21.0,151948.19018,295.55,2138565.0,2062,28.5,733975.0
30-50%,6188,-61.56,-380903.08582,190.05,1176020.0,5406,87.4,1021657.0
50%+,4172,-98.89,-412581.65776,89.08,371624.0,4172,100.0,371624.0
