customer_segment,customer_count,avg_recency,avg_frequency,avg_monetary,total_segment_sales
At Risk,740,289.103271874667,6.918149845465203,3802.1839496962593,2407681
Champions,1097,32.538608354237105,8.868142654597012,4811.767968153561,4719904
Lost Customers,1209,451.3076113644335,2.8330410382321993,1323.9196773062083,1095643
Loyal Customers,1087,86.42369003690037,6.840147601476015,3807.8542435424356,3495377
Potential/Others,740,66.05421827529797,3.265015190465062,1586.6658097686375,909000
